country,popul,density,urban,popgrowt,brate,infmort,abrate,drate,humandev,calories,doctors,rich10,unemploy,energy,workag,workind,workoth,cars,greenhs,phones,literacy,tvs,news,univers,go5th,fempower,singmom,turnout,multcult,democrac,polint,relgous,homicide,racism,antigay,trust,exmar,gaysex,suicide,suicok,aids,happy,famimp,kidobey
"AFGHANISTAN",24792,99,,4.48,42.72,146.7,,17.78,,,,,8,3.2,,,,,.29,29,315,90.77,110,,13,,,,66,1,,,,,,,,,,,0,,,
"ALBANIA",3331,315,37,1.36,21.68,47.1,,7.53,.656,2657,1410,,13,32.99,,,,,1.91,42,,975.46,540,,92,,,63.4,9,5,,,,,,,,,,,,,,
"ALGERIA",30481,33,56,2.18,28.01,47.1,,5.76,.746,2586,830,,28,161.68,,,,54.74,2.16,1176,616,770.66,460,,92,.241,,74.1,43,1,,,,,,,,,,,.2,,,
"ANGOLA",10865,23,31,3.06,44.11,135.7,,17.24,.344,2141,,,,9.08,,,,,.51,60,,73.73,110,.69,34,,,88.3,78,1,,,,,,,,,,,1,,,
"ARGENTINA",36265,34,88,1.3,20.01,19.4,,7.66,.888,3308,2680,35.2,17.3,220.67,,,,133.76,3.55,5532,962,2179.47,1380,30.57,,,58,79.8,31,6,30,73,,3,39,23,70,60,6.8,82,5.9,33,91,32
"ARMENIA",3422,297,69,.09,17,38.7,,7.82,.674,,3120,,7.4,65.46,,,,,,583,996,,230,,,,,50.6,10,5,,,7.16,,,,,,,,.2,,,
"AUSTRALIA",18613,6,85,.96,13.73,5.4,,6.89,.932,3055,,27,8.5,778.62,5.0999914,22.25,72.649911,477.28,15.1,9200,,4879,2580,54.46,99,.664,,82.5,31,7,,,1.93,,,,,,12.3,,3.1,,,
"AUSTRIA",8134,255,64,.36,10.92,6.1,,10.37,.933,3575,3270,28.7,6.2,425.32,7.2199864,31.529963,61.25,444.34,7.8,3749,,4715.23,4720,28.39,97,.686,39,78.6,13,7,54,81,3.06,8,43,32,51,49,23.1,48,1.6,30,86,25
"AZERBAIJAN",7856,235,56,.75,21.95,73.9,,8.63,.623,,3900,,1.1,227.26,37.809946,,,,,583,996,,280,17.19,,,,82.5,77,2,,,,,,,,,,,0,,,
"BAHAMAS",280,72,86,1.41,21.47,19.6,,5.45,.893,,1410,32.1,15,301.49,,,,250,,,982,2310.61,1290,,100,.649,,66.7,48,7,,,,,,,,,1.9,,133.6,,,
"BAHRAIN",616,2579,90,2.18,23.01,16.4,,3.27,.872,,110,,15,1713.89,,,,,,141,852,4206.77,1280,,99,,,32.6,37,2,,,.99,,,,,,2.5,,.9,,,
"BANGLADESH",127567,2467,18,1.82,29.8,100,,10.9,.371,1837,180,29.5,35.9,9.85,,,,.42,.15,287,381,57.78,60,,47,.305,,64.6,5,6,,,,,,,,,,,,,,
"BARBADOS",259,1560,47,.28,15.15,18.2,,8.14,.909,,1130,,16.2,172.87,4.5499877,,,,,90,974,2840.47,1590,27.34,80,.607,,66,22,7,,,,,,,,,4.7,,49.4,,,
"BELARUS",10409,130,71,.26,12.68,12.6,,13.47,.783,,3790,,3.1,310.11,,,,,,1968,995,2214.09,1870,,99,,47,63,,4,,41,,17,79,26,42,80,,60,,6,77,23
"BELGIUM",10175,872,97,.32,12.01,6.3,,10.31,.933,3639,3650,21.5,14,685.21,2.5299988,26.75,70.719963,421.35,10.22,4632,,4515.78,3210,,,.6,32,83.2,55,7,29,68,,17,24,33,50,41,22.3,51,1.5,40,84,36
"BELIZE",230,26,47,2.42,31.91,33.2,,5.61,.807,,470,,15,94.39,22.579963,,,,1.36,29,,1674.64,,,,.471,,68.7,50,7,,,,,,,,,,,17.2,,,
"BENIN",6101,143,38,3.31,46.28,102.7,,13.14,.378,2174,60,39,,4.45,,,,,.11,28,370,54.29,,2.13,49,,,73.7,62,6,,,,,,,,,,,9,,,
"BHUTAN",1908,105,6,2.3,37.91,114,,14.94,.347,,200,,,5.9,,,,,.07,5,422,,,,24,,,,85,1,,,,,,,,,,,,,,
"BOLIVIA",7826,19,61,2.04,32.14,65.7,,10.18,.593,2082,510,,18.8,58.41,1.8,28.719963,69.47999,,.81,348,831,1138.57,690,,60,.393,,62.3,90,6,,,,,,,,,,,.4,,,
"BOSNIA",3366,170,,-.83,6.38,36.3,,14.64,,,,,70,32.02,,,,,,238,,,1310,,,,,82.8,76,2,,,,,,,,,,,,,,
"BOTSWANA",1448,6,60,1.48,32.65,54.9,,17.9,.678,2352,,42,21,,,,,22.19,1.69,60,698,174.04,240,,84,.457,,44.6,51,6,,,11.69,,,,,,,,98.7,,,
"BRAZIL",169807,52,78,1.1,20.43,53.4,,9.42,.809,2578,1340,48.3,5.2,88.88,27.419993,20.689951,51.889889,,1.43,12083,833,2065.4,450,10.33,70,.374,51,76.8,60,6,46,88,,5,30,7,63,70,3,89,10,21,91,41
"BRUNEI",315,155,69,2.5,25.2,23.8,,5.13,.889,,,,4.8,1739.38,,,,,,68,882,2385.96,710,,100,,,,47,1,,,,,,,,,1.4,,.7,,,
"BULGARIA",8240,193,68,.47,8.42,15.4,1072,13.51,.789,3619,3330,22.5,12.5,369.15,,,,,6.3,2563,983,3787.88,2090,26.4,82,.462,47,81,22,6,73,36,4.09,39,68,30,46,80,16.5,66,.1,7,76,19
"BURKINA FASO",11266,107,16,2.45,46.43,116.6,,20.33,.219,2010,,,,4.53,,,,,.07,30,192,54.5,3,.92,23,.339,,26.7,68,3,,,,,,,,,,,9.2,,,
"BURUNDI",5537,559,8,2.11,42.33,100.5,,15.12,.241,2353,60,,,2.21,,,,,.04,17,,15.8,30,.73,53,,,75.4,49,2,,,,,,,,,,,8.8,,,
"CAMBODIA",11340,166,20,2.72,42.63,106,,15.39,.422,,580,,,2.35,,,,,.04,5,,78.35,,1.18,,,,88.8,30,4,,,,,,,,,,,2.9,,,
"CAMEROON",15029,83,45,2.86,42.22,77.6,,13.64,.481,2295,70,,,13.84,,,,,.15,60,634,230.51,40,,66,.268,,44.4,89,2,,,,,,,,,,,10.9,,,
"CANADA",30675,9,77,1.13,12.4,5.7,165,7.23,.96,3340,2210,30.1,9.7,1082.71,4.0999914,21.889963,74.009775,,15.21,17457,988,6825.58,1890,69.53,97,.72,38,56.2,75,7,58,71,5.87,5,30,52,53,37,12.6,52,2.7,30,92,28
"CAPE VERDE",400,257,54,1.54,35.45,49.6,,7.3,.591,2704,290,,,14.17,,,,,,22,716,26.67,,,,.424,,79.5,50,7,,,,,,,,,,,8.9,,,
"CENTRAL AFRICAN REPUBLIC",3376,14,39,2.01,39.52,110.2,,17.94,.347,2117,60,,,3.86,,,,2.83,.07,8,,51.33,10,,44,.205,,,69,5,,,,,,,,,,,61.1,,,
"CHAD",7360,15,22,2.67,43.85,118.7,,17.15,.318,1762,20,30,,.69,,,,,.04,5,481,13.66,4,,27,,,45.1,83,2,,,,,,,,,,,19,,,
"CHILE",14788,51,84,1.18,17.53,13.2,10,5.68,.893,2759,1080,34.8,6.5,154.57,15.699991,25.509958,58.789926,72.23,2.42,1885,952,2114.29,1000,,93,.416,60,81.9,14,6,37,77,3.04,11,58,23,60,77,5.3,81,2.2,33,86,52
"CHINA",1236915,343,30,.93,16.52,37.9,,6.87,.65,2426,1150,37.7,3,97.28,56.399911,17.069956,26.529963,,2.2,40706,815,1912.57,230,3.82,88,.483,7,,12,1,62,6,2.04,13,74,60,72,92,1.7,54,,29,62,
"COLOMBIA",38581,96,73,1.61,20.78,24.7,,4.62,.85,2494,1050,43.5,11.5,88.21,1.3999975,30.209963,68.389889,,1.76,3873,913,1140.73,640,16.48,59,.47,,29.2,6,5,,,,,,,,,2.9,,2.9,,,
"COMOROS",546,651,30,3.09,40.75,87.4,,9.96,.411,2219,100,,,6.64,,,,,,5,573,0,,,58,,,65,60,4,,,,,,,,,,,,,,
"CONGO, DEM. REPUBLIC",49000.521,56,29,2.34,47.66,105.7,,16.61,.383,2130,,,,3.27,,,,,.11,36,773,14.55,30,,50,.183,,,91,1,,,,,,,,,,,,,,
"CONGO, REPUBLIC",2658,20,58,2.15,38.79,106.1,,17.3,.519,2433,270,43.5,,31.84,,,,,.88,21,749,74.17,80,,53,,,75.3,85,4,,,,,,,,,,,,,,
"COSTA RICA",3605,184,49,2,23.35,13.3,,4.15,.889,2653,1260,39.8,5.5,96.99,21.579963,23.029963,55.389889,75.2,1.06,557,947,1431.15,990,,88,.503,,84.2,7,7,,,14.93,,,,,,5.2,,5.5,,,
"COTE d'IVOIRE",15446,126,43,2.35,42.43,99.7,,17.11,.368,2613,,43.7,,23.56,,,,,.51,116,401,598.65,70,,54,,,39.9,86,2,,,,,,,,,,,40.7,,,
"CROATIA",4672,214,56,.33,9.8,10,,11.33,.759,,2010,,13,200.19,,,,151.24,,1287,976,2409.49,5750,17.36,88,,,72.2,73,4,,,,,,,,,,,.4,,,
"CUBA",11051,258,76,.42,13.21,8.9,708,7.42,.729,,5180,,,118.26,,,,,3.22,353,957,1724.14,1200,13,95,.523,,,4,1,,,,,,,,,,,.9,,,
"CYPRUS",749,210,54,1.08,15.04,8.2,,7.58,.913,,2310,,2.3,295.77,10.879984,,,298.77,,347,,3232.46,,11,84,.379,,75.9,35,7,,,1.71,,,,,,,,.5,,,
"CZECH REPUBLIC",10286,212,65,-.02,10.54,8.3,528,10.93,.884,,2930,21.2,3.3,492.83,,,,295.83,12.2,2444,,4761.44,2190,15.97,98,.527,25,77.6,2,7,75,33,,28,52,32,26,25,17.8,,.2,6,86,24
"DENMARK",5334,326,85,.35,11.85,4.8,400,10.41,.928,3548,2830,24,8.2,480.99,5.1099852,25.22999,69.659921,319.83,12.24,3203,,5359.2,3650,32.77,97,.739,67,81.7,4,7,54,73,4.71,7,12,58,66,36,26.6,56,3,43,88,20
"DJIBOUTI",441,52,82,1.51,42.16,104.6,,14.98,.324,,200,,45,41.81,,,,,.81,8,462,605.33,,,34,,,26.3,79,2,,,,,,,,,,,60.8,,,
"DOMINICAN REPUBLIC",7999,428,62,1.68,22.91,46,,5.59,.72,,770,41.7,30,72.62,,,,,.84,569,821,928.03,340,,58,.424,,62.1,60,4,,,,,,,,,1.7,,4.6,,,
"ECUADOR",12337,115,59,1.93,24.04,33.4,,5.28,.767,2114,1110,51.5,8.5,76.83,7.0099951,22.359995,70.629889,21.84,1.65,748,901,869.87,720,,67,.369,,67.8,56,6,,,,,,,,,4.3,,.6,,,
"EGYPT",66050,172,45,1.89,27.82,71,,8.56,.612,3175,2020,33.2,9.4,73.74,35.169926,20.47999,44.349985,21.05,1.54,2716,514,1095.67,640,,93,.258,,30.4,65,2,,,13.92,,,,,,.4,,,,,
"EL SALVADOR",5752,719,45,1.6,27.22,30.3,,6.44,.604,2048,910,29.5,7.6,57.58,27.009958,,,20.8,.48,569,715,4637.36,500,,58,.48,,82.2,14,5,,,,,,,,,10,,7.1,,,
"EQUATORIAL GUINEA",454,42,42,2.57,39.33,95.7,,13.67,.465,,210,,,14.29,,,,,.33,3,785,97.56,30,,,.256,,,50,1,,,,,,,,,,,18.7,,,
"ERITREA",3842,82,17,6.35,43.96,117.2,,15.26,.275,,20,,,,,,,,,17,,3,,.9,25,,,,59,2,,,,,,,,,,,24.7,,,
"ESTONIA",1421,82,73,-.89,11.58,17.4,,14.13,.758,,3120,,5,474.63,,,,259.84,,412,998,3776.74,2420,16.71,89,.458,32,48.8,47,5,59,21,,19,73,28,30,76,,56,.5,3,69,19
"ETHIOPIA",58390,135,15,2.67,45.59,121.5,,17.56,.252,1793,40,,,2.57,,,,,.07,125,355,43.34,20,,15,,,77.4,71,2,,,6.97,,,,,,,,1.5,,,
"FIJI",803,114,41,1.28,23.12,17,,6.3,.869,,380,37.8,6,49.29,,,,,.95,65,916,170.16,450,,87,.332,,55.7,75,4,,,,,,,,,10.2,,,,,
"FINLAND",5149,44,63,.06,10.79,4.9,210,10.82,.942,3079,2690,21.7,16.6,720.61,7.5499877,,,372.38,10.41,2810,,5112.07,4730,38.89,100,.725,56,71.1,16,7,47,59,8.6,25,25,63,41,32,29.9,32,.4,20,84,25
"FRANCE",58805,279,75,.29,10.79,6,239,9.02,.946,3529,2800,26.4,12.7,530.76,4.9899901,,,431.65,6.56,32400,,5889.26,2370,,94,.489,39,59.9,28,7,38,51,,9,24,23,34,40,19.8,33,6.3,25,82,53
"GABON",1208,12,50,1.47,28.11,87.8,,13.39,.568,2428,190,54.4,12,179.58,,,,,5.02,32,632,430.2,160,,50,,,,67,3,,,,,,,,,,,23.4,,,
"GAMBIA",1292,335,29,3.48,43.86,78.8,,13.29,.291,2251,20,,,8.86,,,,5.16,.22,19,386,26.76,20,,67,.239,,56.7,69,1,,,,,,,,,,,6.8,,,
"GAZA STRIP",1054,,,6.59,49.85,26,,4.2,,,,,35,,,,,,,,,,,,,,,,,,,,,,,,,,,,,,,
"GEORGIA",5109,190,58,-.72,13.93,22.4,,12.27,.633,,4360,,21,94.2,,,,,,554,995,4664.1811,,31.34,,.35,,54.1,70,3,,,,,,,,,,,,,,
"GERMANY",82079,607,87,.6,9.46,5.9,208,11.09,.925,,3190,22.9,10.8,563.18,3.2999963,36.079963,60.62,493.57,12.13,40400,,5575.09,3170,23.07,95,.694,26,72.4,3,7,74,57,4.74,11,34,34,48,36,17.2,46,1.4,15,76,23
"GHANA",18497,208,36,2.21,33.88,78.9,,10.89,.473,1769,40,,10,13.22,,,,,.22,19,645,888.73,180,,72,,,68,72,3,,,,,,,,,,,6.5,,,
"GREECE",10662,211,59,.42,9.74,7.2,2,9.54,.924,3668,3870,,10,326.86,21.909983,26.139963,51.94996,209.62,7.18,5163,967,2053.68,1560,30.15,93,.438,,83.9,9,7,,,2.59,,,,,,3.7,,2,,,
"GUATEMALA",12008,287,39,2.44,33.27,49.2,,6.98,.615,2138,900,42.1,4.9,26.63,,,,,.44,290,556,506.55,230,,41,.479,,33.4,63,4,,,,,,,,,.4,,7.6,,,
"GUINEA",7477,79,29,1.1,41.95,131.5,,18.23,.277,1880,150,,,7.44,,,,,.18,11,359,71.56,,,26,,,59.9,75,2,,,,,,,,,,,13.4,,,
"GUINEA-BISSAU",1206,112,22,2.33,39.17,113.7,,15.85,.295,2326,180,,,9.69,,,,,.22,9,549,,60,,20,,,32.1,60,5,,,,,,,,,,,3.4,,,
"GUYANA",708,9,35,-.78,18.71,51.4,,10.02,.67,,330,,12,61.63,,,,,1.06,45,981,453.3,970,,97,.472,,63.7,57,6,,,,,,,,,1.8,,17.1,,,
"HAITI",6781,637,32,1.39,33.12,102.4,,15.25,.34,,160,,60,4.84,,,,,.11,60,450,53.13,60,,12,.356,,33.1,1,3,,,,,,,,,,,,,,
"HONDURAS",5862,136,44,2.55,32.63,40.2,,5.66,.573,2135,220,50.6,15,36.27,37.189951,23.849985,38.959963,,.37,161,727,806.94,440,8.91,41,,,63.5,15,5,,,,,,,,,,,13.7,,,
"HUNGARY",10208,286,65,-.66,10.9,12.2,656,14.99,.857,3484,3370,20.5,11,327.73,13.21,,,218.28,6.05,1893,992,4230.13,2280,,98,.491,39,68.3,9,7,52,57,3.35,23,75,25,58,73,42.6,65,.5,11,87,45
"ICELAND",271,7,91,.84,16.71,4.2,157,6.1,.942,3087,,26.9,5,653.93,,,,445.69,7,149,,3496.24,5150,22.99,,.723,84,87.8,3,7,47,75,,8,20,44,71,24,15.3,57,1.1,41,91,68
"INDIA",984004,857,27,1.72,26.19,65.5,20,8.87,.451,2056,480,34.9,,38.44,,,,,.81,11978,520,403.8,,,62,.228,2,61.1,91,4,31,84,8.03,44,91,34,91,95,,81,.1,19,77,56
"INDONESIA",212942,302,35,1.51,23.39,61.2,,8.3,.679,2118,120,34,3,53.89,54.87,13.84,31.289988,10.36,.92,3291,838,599.06,200,,92,.365,,92.8,72,1,,,,,,,,,,,,,,
"IRAN",68960,109,59,2.12,32.51,50.8,,6.39,.758,2986,,41.7,30,201.24,,,,,3.7,5090,,645.75,180,7.57,90,.261,,73.1,69,2,,,,,,,,,.2,,.1,,,
"IRAQ",21722,130,75,3.62,42.52,57.5,,6.33,.538,2155,510,,,186.59,,,,34.5,27.86,675,,786.04,270,,66,,,,64,1,,,,,,,,,,,.1,,,
"IRELAND",3619,136,58,-.42,12.56,6.3,,8.9,.93,3699,1670,26.5,11.9,420.54,13.689963,27.379953,58.929926,,9.23,1310,,2994.68,1700,33.12,96,.554,23,67.4,4,7,37,72,,6,33,47,69,51,9.5,63,1.4,44,91,35
"ISRAEL",5644,719,91,2.01,20.16,8.3,192,6.22,.913,,4590,22.6,6.5,346.19,3.3099975,,,209.57,7.29,2343,956,2892.96,2810,,96,.484,,84.7,68,7,,,2.53,,,,,,7.2,,.7,,,
"ITALY",56783,500,67,.13,9.8,6.8,389,9.9,.922,3688,,28.1,12,414.07,7.8599852,32.379889,59.759889,,6.96,24854,981,4393.9,1050,29.58,95,.521,39,87.3,4,7,34,84,7.25,10,33,37,48,40,7.5,67,8.6,15,87,32
"JAMAICA",2635,630,54,.75,21.56,15,,5.5,.735,,570,,15.4,164.26,27.089963,18.389963,54.519889,,1.91,292,850,1352.41,660,,96,,,44.1,50,6,,,23.93,,,,,,.3,,21.4,,,
"JAPAN",125932,826,78,.23,10.01,4,379,7.39,.94,2852,1770,22.7,3.4,509.81,5.6799926,32.929926,61.389889,356.77,8.79,61106,,6800.4911,5760,,100,.472,15,59.8,1,6,62,26,1.52,11,69,42,46,60,16.1,57,.2,18,78,10
"JORDAN",4435,125,71,2.6,35.95,30.7,,3.88,.729,,1580,,16,131.13,,,,45.86,2.42,317,866,987.75,480,22.11,78,.211,,34.7,35,4,,,2.54,,,,,,,,.1,,,
"KAZAKSTAN",16847,16,60,-.6,18.91,62.3,,9.68,.695,,3600,,2.6,556.67,,,,,,1963,996,2500.59,,28.42,,,,64.3,69,2,,,10.55,,,,,,,,,,,
"KENYA",28337,129,29,2.13,32.44,55.2,,10.83,.463,2011,150,45.8,35,14.09,,,,,.18,240,781,111.34,130,,77,,,40.9,83,2,,,,,,,,,,,22.4,,,
"KUWAIT",1913,278,97,5.96,19.56,10.6,,2.21,.848,,1780,,1.8,1304.06,,,,396.29,5.68,382,786,3939.01,4010,,91,.345,,80,30,3,,,,,,,,,.9,,.3,,,
"KYRGYZSTAN",4522,59,39,.4,25.81,76.6,,8.78,.633,,3100,,4.8,82.75,,,,,,357,996,,110,,,,,51.2,60,4,,,13.72,,,,,,,,0,,,
"LAOS",5261,59,21,2.78,41.25,94.3,,13.4,.465,,,,5.6,3.72,,,,,.07,20,566,85.07,30,1.31,53,,,,58,1,,,,,,,,,,,.3,,,
"LATVIA",2385,96,73,-1.16,11.62,20.7,,15.13,.704,,3030,,7.5,213.18,,,,132.59,,705,997,4711.4311,2280,14.92,69,.436,26,50.6,65,5,79,54,9.84,13,78,19,44,82,,60,.2,2,73,15
"LEBANON",3506,888,88,1.62,22.74,32.8,,6.56,.796,,1910,45,20,170.27,,,,358.68,3,330,924,3190.52,1720,,,,,82.6,72,2,,,,,,,,,,,.2,,,
"LESOTHO",2090,178,24,1.83,32.19,80.3,,13.92,.469,2424,50,,50,,,,,,,18,713,104.11,70,,46,.451,,59.6,28,4,,,,,,,,,,,16.4,,,
"LIBERIA",2772,75,,6.92,42.3,105.6,,11.53,,2276,,,,7.58,,,,,.11,5,383,238.72,140,,,,,,83,1,,,,,,,,,,,5.8,,,
"LIBYA",5691,8,85,3.64,43.94,57.7,,7.49,.806,3812,1370,,,340.55,,,,,9.12,318,762,1040.63,130,,,,,,67,1,,,,,,,,,,,0,,,
"LITHUANIA",3600,143,72,-.21,13.68,16.3,,13.15,.75,,3990,,8,333.93,,,,196.47,,941,995,3889.04,1360,19.31,93,,55,50,35,7,73,55,6.77,20,87,31,60,88,,69,.1,4,65,25
"LUXEMBOURG",425,426,89,1.58,12.85,4.6,,8.07,.9,,2130,,3,1215.4,,,,,,231,974,3731.34,3840,,,.649,,60.5,15,7,,,,,,,,,18.6,,2.9,,,
"MACEDONIA",2009,202,60,.47,13.34,29.2,,8.52,.749,,2190,,38,211.29,,,,,,349,,1824.25,210,14.9,90,,,71.2,72,4,,,,,,,,,,,.1,,,
"MADAGASGAR",14463,64,26,2.82,42.26,92,,14.1,.348,2491,240,,,4.36,,,,,.07,33,457,216.77,40,,22,,,54.1,60,6,,,1.37,,,,,,,,,,,
"MALAWI",9840,271,13,1.57,40.79,138.9,,25.08,.334,2208,20,40.1,,4.33,,,,,.07,34,564,,20,,36,.256,,67.9,62,6,,,,,,,,,,,36.6,,,
"MALAYSIA",20933,165,54,2.15,26.94,23.2,,5.43,.834,2518,430,39.8,2.6,251.8,19.969963,31.719963,48.309946,131.99,3.33,3332,835,1615.93,1420,,92,.0458,,63.6,72,4,,,,,,,,,,,1.5,,,
"MALDIVES",290,2505,27,3.47,40.98,44.1,,6.3,.683,,190,,,34.1,,,,,,14,932,238.1,120,,,.341,,81.5,20,2,,,,,,,,,7,,.8,,,
"MALI",10109,21,27,3.01,50.89,101,,19.01,.236,1893,40,,,2.67,,,,,.04,17,310,15.68,40,,26,.351,,21.9,79,6,,,,,,,,,,,5.3,,,
"MALTA",380,3063,89,1,14.71,6.4,,6.64,.899,,2500,,3.7,201.62,2.3099975,,,536.39,,171,913,7391.3,1760,13.7,100,,,98,6,7,,,2.83,,,,,,6.3,,1.1,,,
"MAURITANIA",2511,6,51,3.17,46.55,80,,14.82,.361,2074,110,,20,57.75,,,,,1.28,9,377,242.08,5,,63,.177,,42.5,49,1,,,,,,,,,,,.6,,,
"MAURITIUS",1168,1636,41,1.21,18.81,16.9,,6.68,.833,2766,850,46.7,2.4,64.01,,,,,1.14,148,829,2191.41,680,,100,.451,,77.1,57,7,,,,,,,,,13.3,,,,,
"MEXICO",98553,133,73,1.84,25.8,23.9,,4.52,.855,2890,1070,40.6,10,200.1,24.72999,21.06,54.209963,91.58,3.92,8801,896,1637.7,1130,,84,.474,43,54.4,50,4,38,75,,17,60,34,40,55,2.1,48,4.4,26,85,45
"MOLDOVA",4458,343,52,.33,17.22,46.2,,11.77,.61,,3560,,1.4,134.83,40,,,37.2,,566,989,2688.77,240,22.63,,,,64.1,39,4,,,,,,,,,,,,,,
"MONGOLIA",2579,4,61,1.62,24.57,68,,8.41,.669,,2680,,6,135.74,,,,,4.36,80,,414.94,880,13.69,,,,73.6,36,6,,,,,,,,,,,,,,
"MOROCCO",29114,169,52,2.02,26.83,40.7,,5.58,.557,2606,340,,20,42.07,3.5799951,34.829963,61.589963,36.12,.95,1158,437,780.47,130,9.33,78,.302,,51.8,53,3,,,,,,,,,,,.2,,,
"MOZAMBIQUE",18641,62,34,2.6,44.33,122.9,,18.31,.281,1881,,,50,3.1,,,,,.07,60,401,34.04,50,,23,.43,,66.4,64,5,,,,,,,,,,,12.6,,,
"MYANMAR",47305,186,26,1.81,29.54,78.5,,11.41,.481,2420,280,,,8.71,68.689951,9.6899728,21.62,3.23,.11,158,831,51.17,230,,,,,64.6,47,1,,,4.29,,,,,,,,1.5,,,
"NAMIBIA",1622,5,36,2.94,37.08,45.6,,7.72,.644,2183,230,,21.8,,,,,,,78,,223.98,1020,7.25,82,,,63.8,,6,,,,,,,,,,,165.5,,,
"NEPAL",23698,449,10,2.45,36.68,76.8,,12.22,.351,1933,50,50.7,,3.52,,,,,.04,83,275,46.7,80,4.89,52,,,70,67,5,,,2.56,,,,,,,,.2,,,
"NETHERLANDS",15731,1200,89,.53,11.79,4.8,115,8.7,.941,3617,,23.9,6.5,741.62,3.9499975,,,364.38,9.23,8120,,4940.84,3340,33.52,95,.689,41,75.2,11,7,62,60,14.75,7,10,55,47,12,10,31,2.4,47,81,32
"NEW ZEALAND",3625,35,86,1.08,15.35,6.5,141,7.67,.939,,2100,28.7,5.9,592.76,9.6799926,,,,6.96,1719,,5193.31,2970,48.76,94,.725,,83,30,7,,,,,,,,,13.8,,1.6,,,
"NICARAGUA",4583,99,62,2.6,33.01,44.1,,5.83,.547,2446,820,,16,43.85,,,,,.55,97,657,702.49,300,,54,,,76.2,17,4,,,,,,,,,2.3,,.6,,,
"NIGER",9672,20,18,2.98,53.73,116,,23.98,.207,2440,30,,,5.7,,,,,.15,13,136,51.26,10,,23,.121,,37.2,73,5,,,,,,,,,,,6.9,,,
"NIGERIA",110532,314,40,3.05,42.58,70.2,,12.45,.391,2378,210,,28,15.71,,,,.46,.81,405,571,423.9,180,,56,,7,58.2,88,1,33,94,,34,73,23,54,77,,73,.3,40,94,71
"NORTH KOREA",21234,457,61,1.68,22.27,25,,5.43,.766,2996,,,,454.14,,,,,10.96,1100,,468.14,2130,,,,,,0,1,,,,,,,,,,,,,,
"NORWAY",4420,37,73,.46,11.39,4.9,280,10.6,.943,3391,,23.7,4.5,709,5.0499877,21.97999,72.969963,386.73,13.74,2431,,4268.57,6070,41.07,98,.79,27,74.5,4,7,72,48,3.02,12,20,65,62,45,15.3,57,1.2,29,88,31
"OMAN",2364,29,76,3.49,37.85,26.4,,4.39,.771,,1200,,,268.28,,,,,7.4,170,,6678,300,,85,,,,41,2,,,,,,,,,,,.5,,,
"PAKISTAN",135135,449,34,2.22,35.26,95.1,,10.95,.453,2180,520,,,36.64,50.029916,16.62,33.349985,6.12,.55,2127,378,210.24,210,,37,.179,,34.2,64,5,,,,,,,,,,,,,,
"PANAMA",2736,93,56,1.58,22.27,24.6,,5.15,.868,2338,1190,44.2,14,104.14,26.289988,15.219963,58.49,68.23,1.47,304,908,1714.06,620,27.27,82,.46,,70.1,28,6,,,,,,,,,3.4,,9.1,,,
"PAPUA NEW GUINEA",4600,26,16,2.28,32.65,58.6,,9.83,.507,,180,,,28.45,,,,,.59,44,722,28.59,150,3.26,66,.254,,79.2,43,6,,,,,,,,,,,1.6,,,
"PARAGUAY",5291,34,52,2.62,30.47,22.3,,4.24,.707,2839,670,,5.3,44.24,3.8099975,,,,.4,167,921,843.35,420,,74,.374,,45.4,14,4,,,,,,,,,1.3,,1,,,
"PERU",26111,53,71,1.7,23.75,50.2,,6.04,.729,2195,730,28.4,8.2,52.6,.40999988,25.609995,73.97999,20.6,.88,1109,887,960.58,860,31.44,76,.433,,57.7,49,3,,,5.98,,,,,,.5,,4.1,,,
"PHILIPPINES",77726,675,54,2.13,28.97,35.2,,6.59,.677,2405,110,37,8.6,40.3,44.069956,15.189963,40.74,,.7,1410,946,449.12,650,,67,.458,,68.4,76,5,,,14.62,,,,,,,,.1,,,
"POLAND",38607,328,64,.16,12.04,12.3,190,10.09,.851,3479,,20.6,13.3,354.13,24.969963,33.62,41.409921,194.79,8.06,5728,,3061.99,1410,,96,.494,18,52,3,6,49,95,,,,35,67,79,12.9,74,.3,10,91,
"PORTUGAL",9928,281,36,.04,10.59,7.5,,10.21,.892,3204,2910,33.4,7,232.26,11.579996,32.039926,56.379889,378.09,4.25,3586,896,3190.63,410,27.94,,.547,40,79.1,1,7,31,69,7.35,15,50,21,62,65,8.3,72,7.3,13,62,49
"QATAR",697,164,91,4.04,17.26,18.9,,3.5,.84,,1430,,,3129.11,,,,,,123,794,3662.69,1480,13.63,56,,,,35,1,,,2.47,,,,,,1,,.4,,,
"ROMANIA",22396,252,56,-1.19,9.86,22.9,990,12.37,.767,3346,1760,,6.1,268.28,35.99,34.189951,29.819956,,5.94,2968,979,2032.97,2970,,88,.402,38,78.2,25,4,18,75,10.73,28,75,16,61,86,9,76,2.4,6,83,20
"RUSSIA",146861,22,76,-.19,10.89,24.3,2300,15.73,.769,,3800,,9.3,678.25,15.37,37.719963,46.909921,,,,995,3742.26,2670,30.89,95,,42,62.8,69,5,53,56,11.3,10,82,38,50,89,20.8,66,,6,79,26
"RWANDA",7956,826,,8.24,38.73,118.8,,21.06,.187,2274,,,,4.21,,,,,.07,15,605,,1,,60,,,82,52,1,,,12.9,,,,,,,,15.2,,,
"SAUDI ARABIA",20786,25,83,3.42,37.94,43.9,,5.18,.778,2940,1660,,6.5,606.82,,,,326.27,13.96,1719,628,2468.28,540,11.56,70,,,,17,1,,,,,,,,,,,.5,,,
"SENEGAL",9723,131,44,3.35,44.91,62.6,,11.4,.342,2346,70,45.4,,14.9,,,,,.37,82,331,349.54,60,,51,,,26.8,72,4,,,,,,,,,,,1.7,,,
"SERBIA",10526,309,,.38,14.02,22.5,,10.29,,,,,35,,,,,,,2017,979,1888.45,900,,,,,52.2,2,2,,,,,,,,,,,,,,
"SIERRA LEONE",5080,184,33,3.54,46.67,132.5,,17.75,.185,1938,,37.8,,4.03,,,,,.15,17,314,108.25,20,1.17,,,,36.8,76,1,,,,,,,,,,,.9,,,
"SINGAPORE",3490,14487,100,1.67,14.13,3.9,471,4.68,.896,,1470,34.4,2.7,861.46,.25,,,109.44,15.06,1429,911,3365.97,3640,,100,.467,,35.4,41,3,,,1.77,,,,,,12.5,,3.2,,,
"SLOVAK REPUBLIC",5393,,59,.35,12.78,10.6,502,9.37,.875,,3250,22,12,423.9,,,,,,1118,,4727.2,2560,15.32,97,.516,22,75.9,24,6,59,54,,34,63,25,33,38,17.7,,,5,86,31
"SLOVENIA",1972,252,51,-.29,8.24,7.3,,9.55,.887,,2190,,13,383.96,,,,,,615,,3165.39,1850,21.88,100,.475,60,75.7,16,7,58,73,,40,43,17,41,60,,55,.4,9,81,40
"SOLOMON ISLANDS",441,41,17,3.3,37.3,24.9,,4.31,.56,,,,,19.05,,,,,.48,7,,51.81,,,81,,,60.6,4,7,,,,,,,,,,,,,,
"SOMALIA",6842,28,,3.03,45.49,125.8,,18.34,,1986,,,,,,,,,.07,15,,194.36,10,,3,,,87.1,22,1,,,,,,,,,,,0,,,
"SOUTH AFRICA",42835,91,49,1.51,26.89,53.2,,11.89,.717,2861,590,39.4,34,305.52,,,,,7.18,3919,818,1020.79,330,15.39,76,.531,19,85.5,87,6,56,83,,,,28,70,73,,71,1.7,24,90,39
"SOUTH KOREA",46417,1224,81,1.02,16.17,8,,5.66,.894,3056,1270,24.5,1.9,413.17,13.609995,32.829963,53.559946,133.41,6.05,18600,980,3233.68,4040,52.05,96,.292,,65.3,4,6,73,,,58,4,34,71,90,6.8,64,.1,10,93,18
"SPAIN",39134,203,77,.16,10.07,6.1,,8.93,.935,3294,4000,24.5,22,320.62,10.12,29.969963,59.909921,363.73,5.64,15095,971,4072.33,1040,37.67,96,.617,63,81.2,44,7,25,68,1.63,10,30,34,57,43,7.6,65,14.3,21,83,42
"SRI LANKA",18934,757,22,1.11,17.64,20.3,,5.83,.716,2251,230,35.2,13.1,17.29,37.359995,22.969963,39.669926,12.52,.26,204,902,498.17,250,3.32,92,.286,,74.1,57,4,,,13.85,,,,,,30,,.1,,,
"SUDAN",33551,37,31,3.06,40.54,74.3,,11.16,.343,2314,100,34.6,30,5.43,,,,,.15,75,461,733.76,230,,56,.225,,36.2,73,1,,,,,,,,,,,.8,,,
"SURINAME",428,7,50,.83,23.2,28.4,,5.83,.796,,400,,,201.2,6.4099889,17.94996,75.639889,117.51,4.69,53,930,1428.57,1030,,99,.434,,71.2,73,5,,,,,,,,,,,14.6,,,
"SWAZILAND",966,146,31,3.24,42.71,86.1,,10.31,.597,2553,,54.5,15,,,,,,.44,20,767,186.4,140,,78,.406,,,14,2,,,113.86,,,,,,,,28.3,,,
"SWEDEN",8887,56,83,.45,10.81,4.5,328,11.34,.936,3146,2990,24.6,8,663.48,3.75,26.159983,70.089852,411.3,6.23,6013,,4725.04,4830,26.83,98,.79,25,83.6,7,7,47,31,7.9,7,18,66,62,37,18.1,45,1.5,41,87,25
"SWITZERLAND",7260,473,61,.57,11.16,5.4,,9.6,.93,3449,3010,27,5.3,441.24,4.0699926,28.94996,66.97999,449.85,6.16,4318,,4163.04,4090,21.1,95,.654,38,35.7,50,7,66,74,,2,,43,53,40,21,54,4.4,36,88,21
"SYRIA",16673,235,52,3.3,38.7,38.8,,5.7,.749,,1090,,9,120.29,28.219963,,,11.07,2.31,930,708,603.77,180,,92,.319,,58,21,1,,,2.25,,,,,,.2,,.1,,,
"TAIWAN",21908,1759,,.95,14.97,7,,5.45,,2749,,22.8,2.6,,,,,,,,,,,,,,,75.1,41,5,,,,,,,,,,,,,,
"TAJIKISTAN",6020,109,32,1.73,33.95,110.9,,8.37,.575,,2100,,2.4,67.04,,,,,,263,997,,130,,,,,72.4,84,1,,,3.34,,,,,,,,,,,
"TANZANIA",30609,89,24,1.6,40.92,104.8,,19.84,.358,1955,40,35.6,,3.97,,,,,.07,90,678,21.4,80,,24,,,47.9,79,2,,,,,,,,,,,,,,
"THAILAND",60037,304,20,1,17.03,32.1,,7.05,.838,2330,240,42.8,2.6,125.69,60.299926,15.09,24.609995,32.85,1.83,3482,938,1180.15,480,,88,.421,,65,68,5,,,9.96,,,,,,5.1,,30.2,,,
"TOGO",4906,234,31,3.54,45.71,82.1,,10.32,.38,2126,60,30.5,,7.05,,,,,.18,22,517,70.51,20,2.19,50,,,62.9,71,2,,,,,,,,,,,35.8,,,
"TRINIDAD & TOBAGO",1117,564,72,-1.18,15.37,19.1,,7.87,.88,,900,33.6,16.1,836.02,10.65,23.839963,65.509775,,14.73,209,979,3516.29,1350,,69,.608,,67.3,56,7,,,7.66,,,,,,13.2,,31.2,,,
"TUNISIA",9380,156,62,1.78,23.68,33.9,95,5.14,.744,2763,670,37.6,16,77.94,,,,40.57,1.8,522,667,803.99,460,11.66,92,.345,,60.3,17,2,,,,,,,,,,,.6,,,
"TURKEY",64567,217,69,1.64,21.83,40.7,,5.43,.782,2937,1030,41.5,6.3,118.35,47.839963,,,49.79,2.49,13228,823,1821.64,440,19.27,80,.281,7,79.1,38,3,48,75,,34,92,10,87,84,,81,.1,29,87,31
"TURKMENISTAN",4298,23,45,1.82,28.78,80.6,,8.78,.66,,3530,,,347.35,,,,,,320,997,1795.51,,,,,,,35,1,,,,,,,,,,,,,,
"UGANDA",22167,287,13,2.14,45.08,98.4,,20.98,.34,1784,40,,,2.71,,,,1.27,.04,43,618,115.89,20,1.25,37,,,50.9,89,3,,,,,,,,,,,13.8,,,
"UKRAINE",50125,215,70,-.31,11.77,22.2,,15.1,.665,,4290,,1,464.51,,,,90.1,,8311,988,3410.02,1180,,95,,,56.2,55,5,,,6.18,,,,,,,,.3,,,
"UNITED ARAB EMIRATES",2303,71,84,1.79,18.46,15.5,,3.01,.855,,1680,,,1896.7,,,,,36.49,672,792,934.58,1610,,99,.247,,,26,2,,,,,,,,,,,,,,
"UNITED KINGDOM",58970,632,89,.19,12.84,6.3,207,11.15,.932,3249,1640,24.8,6.7,529.9,2.1599963,,,375.36,10,29410,,4376.86,3510,27.82,,.593,36,69.4,31,7,49,56,,9,31,44,54,40,8,41,2.1,38,89,42
"UNITED STATES",270312,76,76,.89,14.6,6.55,428,8.8,.943,3641,2450,28.2,5.4,1148.72,2.8799975,23.049998,74.069815,513.16,19.53,164624,,8173.38,2280,56.08,94,.675,39,49.1,63,7,59,83,9.41,10,38,50,70,53,11.7,61,13.8,40,93,38
"URUGUAY",3285,49,90,.7,16.98,14.7,,8.97,.885,2886,3090,29.3,12,97.48,4.8099975,25.289988,69.899911,144.59,1.43,622,973,2301.19,2370,,94,.422,,96.1,19,6,,,,,,,,,10.9,,4.9,,,
"UZBEKISTAN",23784,138,41,1.87,24.49,79.1,,7.93,.659,,3350,,.3,264.6,,,,,,1738,997,1894.61,70,,,,,85.2,36,1,,,,,,,,,,,,,,
"VENEZUELA",22803,67,86,1.83,23.67,28.5,,5.03,.86,2646,1940,35.7,13,452.68,13.189963,22.74,64.069815,84.54,6.16,2463,911,1655.71,2150,,78,.414,,49.9,11,5,,,12.8,,,,,,4.5,,2.8,,,
"VIETNAM",76236,607,19,1.51,22.3,37.2,,6.8,.56,2135,,,25,17.9,,,,,.29,775,937,432.86,80,,58,,,,17,1,,,,,,,,,,,.5,,,
"WEST BANK",1557,,,4.32,37.71,27.5,,4.5,,,,,35,,,,,,,,,,,,,,,,,,,,,,,,,,,,,,,
"WESTERN SAHARA",234,,,2.43,46.14,142.75,,17.53,,,,,,45.16,,,,,,,,283.02,,,,,,,,,,,,,,,,,,,,,,
"WESTERN SAMOA",224.71307,204,21,2.34,30.4,33,,5.63,.694,,380,,,31.52,,,,,,,,,,,,,,86.3,1,6,,,,,,,,,,,1.2,,,
"YEMEN",16387.967,80,34,3.57,44.83,68.1,,9.17,.356,,260,,30,42.12,,,,15.07,.81,187,,270.93,170,,66,,,35.9,2,3,,,,,,,,,,,.4,,,
"ZAMBIA",9460.7367,33,43,2.02,44.37,96.5,,24.18,.378,2146,,46.4,22,19.25,,,,,.29,77,782,279.62,80,,67,.304,,29.8,83,5,,,,,,,,,,,46.9,,,
"ZIMBABWE",11044.157,74,32,1.26,31.65,72.6,,19.02,.507,2109,140,55.5,45,41.16,,,,36.07,1.65,155,851,279.87,180,,76,.428,,0,68,3,,,,,,,,,5.8,,79.3,,,
